<?xml version="1.0" encoding="UTF-8"?>
<faceted-project>
  <runtime name="Oracle WebLogic Server 12c R2 (12.2.1.2)"/>
  <fixed facet="wls.web"/>
  <fixed facet="jst.web"/>
  <fixed facet="wst.jsdt.web"/>
  <fixed facet="oracle.weblogic.webservice.clients"/>
  <fixed facet="java.apt"/>
  <fixed facet="oracle.weblogic.webservices"/>
  <fixed facet="java"/>
  <installed facet="java" version="1.8"/>
  <installed facet="java.apt" version="5.0"/>
  <installed facet="jst.web" version="3.1"/>
  <installed facet="oracle.weblogic.webservice.clients" version="2.1"/>
  <installed facet="wls.web" version="12.2.1.2"/>
  <installed facet="oracle.weblogic.webservices" version="2.1"/>
  <installed facet="wst.jsdt.web" version="1.0"/>
</faceted-project>
